"rgn_id","pressure_score"
18,0.562285
13,0.562285
11,0.562285
6,0.562285
5,0.562285
12,0.562285
7,0.562285
8,0.562285
2,0.562285
10,0.562285
9,0.562285
16,0.562285
15,0.562285
1,0.562285
3,0.562285
17,0.562285
4,0.562285
19,0.562285
14,0.562285
