"rgn_id","pressure_score"
18,0.13034913169667
13,0.13034913169667
11,0.13034913169667
6,0.13034913169667
5,0.13034913169667
12,0.13034913169667
7,0.13034913169667
8,0.13034913169667
2,0.13034913169667
10,0.13034913169667
9,0.13034913169667
16,0.13034913169667
15,0.13034913169667
1,0.13034913169667
3,0.13034913169667
17,0.13034913169667
4,0.13034913169667
19,0.13034913169667
14,0.13034913169667
