"rgn_id","pressure_score"
18,0.0873232645948301
13,0.0873232645948301
11,0.0873232645948301
6,0.0873232645948301
5,0.0873232645948301
12,0.0873232645948301
7,0.0873232645948301
8,0.0873232645948301
2,0.0873232645948301
10,0.0873232645948301
9,0.0873232645948301
16,0.0873232645948301
15,0.0873232645948301
1,0.0873232645948301
3,0.0873232645948301
17,0.0873232645948301
4,0.0873232645948301
19,0.0873232645948301
14,0.0873232645948301
