"rgn_id","pressure_score"
18,0.798918194176515
13,0.798918194176515
11,0.798918194176515
6,0.798918194176515
5,0.798918194176515
12,0.798918194176515
7,0.798918194176515
8,0.798918194176515
2,0.798918194176515
10,0.798918194176515
9,0.798918194176515
16,0.798918194176515
15,0.798918194176515
1,0.798918194176515
3,0.798918194176515
17,0.798918194176515
4,0.798918194176515
19,0.798918194176515
14,0.798918194176515
