"rgn_id","trend"
18,0.00258236316770328
13,0.00258236316770328
11,0.00258236316770328
6,0.00258236316770328
5,0.00258236316770328
12,0.00258236316770328
7,0.00258236316770328
8,0.00258236316770328
2,0.00258236316770328
10,0.00258236316770328
9,0.00258236316770328
16,0.00258236316770328
15,0.00258236316770328
1,0.00258236316770328
3,0.00258236316770328
17,0.00258236316770328
4,0.00258236316770328
19,0.00258236316770328
14,0.00258236316770328
