"rgn_id","resilience.score"
18,0.683678730877449
13,0.683678730877449
11,0.683678730877449
6,0.683678730877449
5,0.683678730877449
12,0.683678730877449
7,0.683678730877449
8,0.683678730877449
2,0.683678730877449
10,0.683678730877449
9,0.683678730877449
16,0.683678730877449
15,0.683678730877449
1,0.683678730877449
3,0.683678730877449
17,0.683678730877449
4,0.683678730877449
19,0.683678730877449
14,0.683678730877449
