"rgn_id","resilience.score"
18,0.723794063809016
13,0.723794063809016
11,0.723794063809016
6,0.723794063809016
5,0.723794063809016
12,0.723794063809016
7,0.723794063809016
8,0.723794063809016
2,0.723794063809016
10,0.723794063809016
9,0.723794063809016
16,0.723794063809016
15,0.723794063809016
1,0.723794063809016
3,0.723794063809016
17,0.723794063809016
4,0.723794063809016
19,0.723794063809016
14,0.723794063809016
