"rgn_id","pressures.score"
1,0.0320958635766238
2,0.0320958635766238
3,0.0320958635766238
4,0.0320958635766238
5,0.0320958635766238
6,0.0320958635766238
7,0.0320958635766238
8,0.0320958635766238
9,0.0320958635766238
10,0.0320958635766238
11,0.0320958635766238
12,0.0320958635766238
13,0.0320958635766238
14,0.0320958635766238
15,0.0320958635766238
16,0.0320958635766238
17,0.0320958635766238
18,0.0320958635766238
19,0.0320958635766238
