"rgn_id","pressure_score"
18,0.0203156540033119
13,0.0203156540033119
11,0.0203156540033119
6,0.0203156540033119
5,0.0203156540033119
12,0.0203156540033119
7,0.0203156540033119
8,0.0203156540033119
2,0.0203156540033119
10,0.0203156540033119
9,0.0203156540033119
16,0.0203156540033119
15,0.0203156540033119
1,0.0203156540033119
3,0.0203156540033119
17,0.0203156540033119
4,0.0203156540033119
19,0.0203156540033119
14,0.0203156540033119
