"rgn_id","pressure_score"
18,0.0745499009757446
13,0.0745499009757446
11,0.0745499009757446
6,0.0745499009757446
5,0.0745499009757446
12,0.0745499009757446
7,0.0745499009757446
8,0.0745499009757446
2,0.0745499009757446
10,0.0745499009757446
9,0.0745499009757446
16,0.0745499009757446
15,0.0745499009757446
1,0.0745499009757446
3,0.0745499009757446
17,0.0745499009757446
4,0.0745499009757446
19,0.0745499009757446
14,0.0745499009757446
