"rgn_id","pressure_score"
18,0.101891134020214
13,0.101891134020214
11,0.101891134020214
6,0.101891134020214
5,0.101891134020214
12,0.101891134020214
7,0.101891134020214
8,0.101891134020214
2,0.101891134020214
10,0.101891134020214
9,0.101891134020214
16,0.101891134020214
15,0.101891134020214
1,0.101891134020214
3,0.101891134020214
17,0.101891134020214
4,0.101891134020214
19,0.101891134020214
14,0.101891134020214
