"rgn_id","score"
18,0.133128588596608
13,0.133128588596608
11,0.133128588596608
6,0.133128588596608
5,0.133128588596608
12,0.133128588596608
7,0.133128588596608
8,0.133128588596608
2,0.133128588596608
10,0.133128588596608
9,0.133128588596608
16,0.133128588596608
15,0.133128588596608
1,0.133128588596608
3,0.133128588596608
17,0.133128588596608
4,0.133128588596608
19,0.133128588596608
14,0.133128588596608
