"rgn_id","w_fis"
18,0.998423610632972
13,0.998423610632972
11,0.998423610632972
6,0.998423610632972
5,0.998423610632972
12,0.998423610632972
7,0.998423610632972
8,0.998423610632972
2,0.998423610632972
10,0.998423610632972
9,0.998423610632972
16,0.998423610632972
15,0.998423610632972
1,0.998423610632972
3,0.998423610632972
17,0.998423610632972
4,0.998423610632972
19,0.998423610632972
14,0.998423610632972
