"rgn_id","resilience.score"
18,0.769691095713524
13,0.769691095713524
11,0.769691095713524
6,0.769691095713524
5,0.769691095713524
12,0.769691095713524
7,0.769691095713524
8,0.769691095713524
2,0.769691095713524
10,0.769691095713524
9,0.769691095713524
16,0.769691095713524
15,0.769691095713524
1,0.769691095713524
3,0.769691095713524
17,0.769691095713524
4,0.769691095713524
19,0.769691095713524
14,0.769691095713524
