"rgn_id","pressure_score"
18,0.0246882
13,0.0246882
11,0.0246882
6,0.0246882
5,0.0246882
12,0.0246882
7,0.0246882
8,0.0246882
2,0.0246882
10,0.0246882
9,0.0246882
16,0.0246882
15,0.0246882
1,0.0246882
3,0.0246882
17,0.0246882
4,0.0246882
19,0.0246882
14,0.0246882
