"rgn_id","pressure_score"
1,0.00189305635747562
2,0.00465876133287915
3,0.00363044838324769
4,0.000937439064262714
5,0.000500446923621465
6,0.00246116955726562
7,0.000190286588844677
8,1.81663678768765e-05
9,0.000148794091185019
10,0.00105232347617108
11,0.00652337350484175
12,8.63203438345255e-05
13,6.06172135057538e-05
14,2.72755394421189e-05
15,7.66977532606639e-06
16,0.00119243984550198
17,2.54695259815058e-05
18,0.00126998122087193
19,4.16088786445365e-06
