"cntry_key","sector","year","value"
"RUS","tour",2004,8381.73960280894
"RUS","tour",2005,10643.9132473068
"RUS","tour",2007,16542.3834385016
"RUS","tran",2004,4672.32867727253
"RUS","tran",2005,5419.23257767984
"RUS","tran",2007,11998.9580551104
