"rgn_id","score"
18,0.607142857142857
13,0.607142857142857
11,0.607142857142857
6,0.607142857142857
5,0.607142857142857
12,0.607142857142857
7,0.607142857142857
8,0.607142857142857
2,0.607142857142857
10,0.607142857142857
9,0.607142857142857
16,0.607142857142857
15,0.607142857142857
1,0.607142857142857
3,0.607142857142857
17,0.607142857142857
4,0.607142857142857
19,0.607142857142857
14,0.607142857142857
