"rgn_id","resilience.score"
18,0.402554601367
13,0.402554601367
11,0.402554601367
6,0.402554601367
5,0.402554601367
12,0.402554601367
7,0.402554601367
8,0.402554601367
2,0.402554601367
10,0.402554601367
9,0.402554601367
16,0.402554601367
15,0.402554601367
1,0.402554601367
3,0.402554601367
17,0.402554601367
4,0.402554601367
19,0.402554601367
14,0.402554601367
