"rgn_id","resilience.score"
18,0.46666666665
13,0.46666666665
11,0.46666666665
6,0.46666666665
5,0.46666666665
12,0.46666666665
7,0.46666666665
8,0.46666666665
2,0.46666666665
10,0.46666666665
9,0.46666666665
16,0.46666666665
15,0.46666666665
1,0.46666666665
3,0.46666666665
17,0.46666666665
4,0.46666666665
19,0.46666666665
14,0.46666666665
