"rgn_id","score"
1,0.168334869165867
2,0.168334869165867
3,0.168334869165867
4,0.168334869165867
5,0.168334869165867
6,0.168334869165867
7,0.168334869165867
8,0.168334869165867
9,0.168334869165867
10,0.168334869165867
11,0.168334869165867
12,0.168334869165867
13,0.168334869165867
14,0.168334869165867
15,0.168334869165867
16,0.168334869165867
17,0.168334869165867
18,0.168334869165867
19,0.168334869165867
