"rgn_id","pressure_score"
18,0.0371492549648437
13,0.0371492549648437
11,0.0371492549648437
6,0.0371492549648437
5,0.0371492549648437
12,0.0371492549648437
7,0.0371492549648437
8,0.0371492549648437
2,0.0371492549648437
10,0.0371492549648437
9,0.0371492549648437
16,0.0371492549648437
15,0.0371492549648437
1,0.0371492549648437
3,0.0371492549648437
17,0.0371492549648437
4,0.0371492549648437
19,0.0371492549648437
14,0.0371492549648437
