"rgn_id","pressure_score"
18,0.0194018151408956
13,0.0194018151408956
11,0.0194018151408956
6,0.0194018151408956
5,0.0194018151408956
12,0.0194018151408956
7,0.0194018151408956
8,0.0194018151408956
2,0.0194018151408956
10,0.0194018151408956
9,0.0194018151408956
16,0.0194018151408956
15,0.0194018151408956
1,0.0194018151408956
3,0.0194018151408956
17,0.0194018151408956
4,0.0194018151408956
19,0.0194018151408956
14,0.0194018151408956
