"rgn_id","pressure_score"
18,0.125379214561692
13,0.125379214561692
11,0.125379214561692
6,0.125379214561692
5,0.125379214561692
12,0.125379214561692
7,0.125379214561692
8,0.125379214561692
2,0.125379214561692
10,0.125379214561692
9,0.125379214561692
16,0.125379214561692
15,0.125379214561692
1,0.125379214561692
3,0.125379214561692
17,0.125379214561692
4,0.125379214561692
19,0.125379214561692
14,0.125379214561692
