"rgn_id","pressure_score"
18,0.559468802055324
13,0.559468802055324
11,0.559468802055324
6,0.559468802055324
5,0.559468802055324
12,0.559468802055324
7,0.559468802055324
8,0.559468802055324
2,0.559468802055324
10,0.559468802055324
9,0.559468802055324
16,0.559468802055324
15,0.559468802055324
1,0.559468802055324
3,0.559468802055324
17,0.559468802055324
4,0.559468802055324
19,0.559468802055324
14,0.559468802055324
