"rgn_id","score"
18,0.881381716613655
13,0.881381716613655
11,0.881381716613655
6,0.881381716613655
5,0.881381716613655
12,0.881381716613655
7,0.881381716613655
8,0.881381716613655
2,0.881381716613655
10,0.881381716613655
9,0.881381716613655
16,0.881381716613655
15,0.881381716613655
1,0.881381716613655
3,0.881381716613655
17,0.881381716613655
4,0.881381716613655
19,0.881381716613655
14,0.881381716613655
