"rgn_id","score"
18,-0.0398249810687831
13,-0.0398249810687831
11,-0.0398249810687831
6,-0.0398249810687831
5,-0.0398249810687831
12,-0.0398249810687831
7,-0.0398249810687831
8,-0.0398249810687831
2,-0.0398249810687831
10,-0.0398249810687831
9,-0.0398249810687831
16,-0.0398249810687831
15,-0.0398249810687831
1,-0.0398249810687831
3,-0.0398249810687831
17,-0.0398249810687831
4,-0.0398249810687831
19,-0.0398249810687831
14,-0.0398249810687831
