"rgn_id","score"
18,0.646772379819524
13,0.646772379819524
11,0.646772379819524
6,0.646772379819524
5,0.646772379819524
12,0.646772379819524
7,0.646772379819524
8,0.646772379819524
2,0.646772379819524
10,0.646772379819524
9,0.646772379819524
16,0.646772379819524
15,0.646772379819524
1,0.646772379819524
3,0.646772379819524
17,0.646772379819524
4,0.646772379819524
19,0.646772379819524
14,0.646772379819524
