"rgn_id","resilience.score"
18,0.722222222222167
13,0.722222222222167
11,0.722222222222167
6,0.722222222222167
5,0.722222222222167
12,0.722222222222167
7,0.722222222222167
8,0.722222222222167
2,0.722222222222167
10,0.722222222222167
9,0.722222222222167
16,0.722222222222167
15,0.722222222222167
1,0.722222222222167
3,0.722222222222167
17,0.722222222222167
4,0.722222222222167
19,0.722222222222167
14,0.722222222222167
