"rgn_id","score"
18,0.353227620180476
13,0.353227620180476
11,0.353227620180476
6,0.353227620180476
5,0.353227620180476
12,0.353227620180476
7,0.353227620180476
8,0.353227620180476
2,0.353227620180476
10,0.353227620180476
9,0.353227620180476
16,0.353227620180476
15,0.353227620180476
1,0.353227620180476
3,0.353227620180476
17,0.353227620180476
4,0.353227620180476
19,0.353227620180476
14,0.353227620180476
